<?xml version='1.0' encoding='UTF-8'?>
<?artifactRepository version='1.1.0'?>
<repository name='file:/Users/josesahad/Development/git/jenkins-connector/target/update-site/ - artifacts' type='org.eclipse.equinox.p2.artifact.repository.simpleRepository' version='1'>
  <properties size='2'>
    <property name='p2.timestamp' value='1363959595170'/>
    <property name='p2.compressed' value='false'/>
  </properties>
  <mappings size='3'>
    <rule filter='(&amp; (classifier=osgi.bundle))' output='${repoUrl}/plugins/${id}_${version}.jar'/>
    <rule filter='(&amp; (classifier=binary))' output='${repoUrl}/binary/${id}_${version}'/>
    <rule filter='(&amp; (classifier=org.eclipse.update.feature))' output='${repoUrl}/features/${id}_${version}.jar'/>
  </mappings>
  <artifacts size='2'>
    <artifact classifier='osgi.bundle' id='org.mule.tooling.ui.contribution.jenkins' version='1.0.0.201303221039'>
      <properties size='3'>
        <property name='artifact.size' value='1083195'/>
        <property name='download.size' value='1083195'/>
        <property name='download.md5' value='74431b5b48c9af247d82b5d42c9b98de'/>
      </properties>
    </artifact>
    <artifact classifier='org.eclipse.update.feature' id='org.mule.tooling.ui.extension.jenkins' version='1.1.0.201303221039'>
      <properties size='4'>
        <property name='artifact.size' value='9883'/>
        <property name='download.size' value='9883'/>
        <property name='download.md5' value='90d055ceb98b4b13c726859b738e2e1b'/>
        <property name='download.contentType' value='application/zip'/>
      </properties>
    </artifact>
  </artifacts>
</repository>
